,Recall,Precision,F1 Score,Area Under ROC,Area Under PR
Logestic Regression,0.4298136645962733,0.8917525773195877,0.5800502933780386,0.9878424845929653,0.47870897117876576
Decision Tree Classifier,0.6583850931677019,0.9447415329768271,0.7759882869692533,0.7885420111180382,0.43917590355501346
Random Forest Classifier,0.4409937888198758,1.0,0.6120689655172413,0.9833062075770519,0.7391443041027936
Gradient-Boosted Tree Classifier,0.6658385093167701,0.9816849816849816,0.7934863064396743,0.9933988825989785,0.7939337799337051
Naive Bayes,0.55527950310559,0.011250660693161512,0.022054470100651275,0.5065029071041619,0.0012761425887956698
